{
  "hash": "6b903c15",
  "configHash": "070174ad",
  "lockfileHash": "d2125fc3",
  "browserHash": "b9e54eb8",
  "optimized": {
    "@angular/common": {
      "src": "../../../../../../node_modules/@angular/common/fesm2022/common.mjs",
      "file": "@angular_common.js",
      "fileHash": "b0124f1a",
      "needsInterop": false
    },
    "@angular/common/http": {
      "src": "../../../../../../node_modules/@angular/common/fesm2022/http.mjs",
      "file": "@angular_common_http.js",
      "fileHash": "048cd3f0",
      "needsInterop": false
    },
    "@angular/core": {
      "src": "../../../../../../node_modules/@angular/core/fesm2022/core.mjs",
      "file": "@angular_core.js",
      "fileHash": "7d3599a3",
      "needsInterop": false
    },
    "@angular/forms": {
      "src": "../../../../../../node_modules/@angular/forms/fesm2022/forms.mjs",
      "file": "@angular_forms.js",
      "fileHash": "9a25c33f",
      "needsInterop": false
    },
    "@angular/platform-browser": {
      "src": "../../../../../../node_modules/@angular/platform-browser/fesm2022/platform-browser.mjs",
      "file": "@angular_platform-browser.js",
      "fileHash": "d1075361",
      "needsInterop": false
    },
    "@angular/platform-browser/animations": {
      "src": "../../../../../../node_modules/@angular/platform-browser/fesm2022/animations.mjs",
      "file": "@angular_platform-browser_animations.js",
      "fileHash": "f5b5262d",
      "needsInterop": false
    },
    "@angular/router": {
      "src": "../../../../../../node_modules/@angular/router/fesm2022/router.mjs",
      "file": "@angular_router.js",
      "fileHash": "bc0373ab",
      "needsInterop": false
    }
  },
  "chunks": {
    "chunk-DD3H4DVP": {
      "file": "chunk-DD3H4DVP.js"
    },
    "chunk-IMHOFH6L": {
      "file": "chunk-IMHOFH6L.js"
    },
    "chunk-RUNJ55U5": {
      "file": "chunk-RUNJ55U5.js"
    },
    "chunk-PDMBEBBY": {
      "file": "chunk-PDMBEBBY.js"
    },
    "chunk-PO6DNWTB": {
      "file": "chunk-PO6DNWTB.js"
    },
    "chunk-O3LGEELE": {
      "file": "chunk-O3LGEELE.js"
    }
  }
}